name	classification	path	layer_brain
CollectiveLearning	CACHE_OR_READBACK_REVIEW	com/lifecyclebot/collective/CollectiveLearning.kt	False
Candle	CACHE_OR_READBACK_REVIEW	com/lifecyclebot/data/Models.kt	False
AICrossTalk	DIRECT_SUPER_OR_CACHE	com/lifecyclebot/engine/AICrossTalk.kt	False
never	REPRESENTED_BY_AGGREGATOR	com/lifecyclebot/engine/AdaptiveIntelligenceRuntime6684.kt	False
AdaptiveLearningEngine	UNCLASSIFIED_INTELLIGENCE_REVIEW	com/lifecyclebot/engine/AdaptiveLearningEngine.kt	False
AgenticStyleRouter	CACHE_OR_READBACK_REVIEW	com/lifecyclebot/engine/AgenticStyleRouter.kt	False
has	REPRESENTED_BY_AGGREGATOR	com/lifecyclebot/engine/AiStatePersistenceSentinel.kt	False
bug	CACHE_OR_READBACK_REVIEW	com/lifecyclebot/engine/AutonomousMetaPolicy.kt	False
BehaviorLearning	CACHE_OR_READBACK_REVIEW	com/lifecyclebot/engine/BehaviorLearning.kt	False
BotBrain	REPRESENTED_BY_AGGREGATOR	com/lifecyclebot/engine/BotBrain.kt	False
BrainConsensusBridge6329	SUPER_UPSTREAM_ROOT	com/lifecyclebot/engine/BrainConsensusBridge6329.kt	False
BrainConsensusGate	REPRESENTED_BY_AGGREGATOR	com/lifecyclebot/engine/BrainConsensusGate.kt	False
BrainMultiplierFloor6363	CACHE_OR_READBACK_REVIEW	com/lifecyclebot/engine/BrainMultiplierFloor6363.kt	False
AssetClass	CACHE_OR_READBACK_REVIEW	com/lifecyclebot/engine/CanonicalLearning.kt	False
CanonicalLearningContract6346	UNCLASSIFIED_INTELLIGENCE_REVIEW	com/lifecyclebot/engine/CanonicalLearningContract6346.kt	False
CapitalEfficiencyBrain	REPRESENTED_BY_AGGREGATOR	com/lifecyclebot/engine/CapitalEfficiencyBrain.kt	False
CloudLearningSync	REPRESENTED_BY_AGGREGATOR	com/lifecyclebot/engine/CloudLearningSync.kt	False
DailyCompoundingTracker	CACHE_OR_READBACK_REVIEW	com/lifecyclebot/engine/DailyCompoundingTracker.kt	False
pulls	PROVIDER_BACKED_REVIEW	com/lifecyclebot/engine/DailyCorpusRefresher.kt	False
DeadAILayerFilter	CACHE_OR_READBACK_REVIEW	com/lifecyclebot/engine/DeadAILayerFilter.kt	False
EdgeLearning	CACHE_OR_READBACK_REVIEW	com/lifecyclebot/engine/EdgeLearning.kt	False
EmergentGuardrails	CACHE_OR_READBACK_REVIEW	com/lifecyclebot/engine/EmergentGuardrails.kt	False
EntryIntelligence	UNCLASSIFIED_INTELLIGENCE_REVIEW	com/lifecyclebot/engine/EntryIntelligence.kt	False
EntryWaitOverrideGate	UNCLASSIFIED_INTELLIGENCE_REVIEW	com/lifecyclebot/engine/EntryWaitOverrideGate.kt	False
ExecutionAuthorityPolicy6533	UNCLASSIFIED_INTELLIGENCE_REVIEW	com/lifecyclebot/engine/ExecutionAuthorityPolicy6533.kt	False
creates	REPRESENTED_BY_AGGREGATOR	com/lifecyclebot/engine/ExistingIntelligenceContext7650.kt	False
ExitCostMicrobrain	CACHE_OR_READBACK_REVIEW	com/lifecyclebot/engine/ExitCostMicrobrain.kt	False
ExitIntelligence	EXIT_LEARNED_UPSTREAM	com/lifecyclebot/engine/ExitIntelligence.kt	False
ExpertTraderKnowledge7813	REPRESENTED_BY_AGGREGATOR	com/lifecyclebot/engine/ExpertTraderKnowledge7813.kt	False
ExpertWallets7962	PROVIDER_BACKED_REVIEW	com/lifecyclebot/engine/ExpertWallets7962.kt	False
FdgBrainChain	CACHE_OR_READBACK_REVIEW	com/lifecyclebot/engine/FdgBrainChain.kt	False
FluidLearning	UNCLASSIFIED_INTELLIGENCE_REVIEW	com/lifecyclebot/engine/FluidLearning.kt	False
ForwardOutcomeModel	REPRESENTED_BY_AGGREGATOR	com/lifecyclebot/engine/ForwardOutcomeModel.kt	False
HistoricalChartScanner	PROVIDER_BACKED_REVIEW	com/lifecyclebot/engine/HistoricalChartScanner.kt	False
LayerBrain	LAYER_BRAIN_LEARNED_UPSTREAM	com/lifecyclebot/engine/LayerBrain.kt	True
LearningEligibility	CACHE_OR_READBACK_REVIEW	com/lifecyclebot/engine/LearningEligibility.kt	False
LearningEnvironment7835	UNCLASSIFIED_INTELLIGENCE_REVIEW	com/lifecyclebot/engine/LearningEnvironment7835.kt	False
LearningFanoutMuxSentinel	REPORT_INFRASTRUCTURE	com/lifecyclebot/engine/LearningFanoutMuxSentinel.kt	False
LearningLifecycleBus	REPRESENTED_BY_AGGREGATOR	com/lifecyclebot/engine/LearningLifecycleBus.kt	False
LearningPersistence	UNCLASSIFIED_INTELLIGENCE_REVIEW	com/lifecyclebot/engine/LearningPersistence.kt	False
LearningPnlSanitizer	UNCLASSIFIED_INTELLIGENCE_REVIEW	com/lifecyclebot/engine/LearningPnlSanitizer.kt	False
LearningRejectLabelSentinel	BACKGROUND_RESEARCH_REVIEW	com/lifecyclebot/engine/LearningRejectLabelSentinel.kt	False
LearningTrajectoryGovernor6380	CACHE_OR_READBACK_REVIEW	com/lifecyclebot/engine/LearningTrajectoryGovernor6380.kt	False
LiquidityDepthAI	REPRESENTED_BY_AGGREGATOR	com/lifecyclebot/engine/LiquidityDepthAI.kt	False
LiveAccountingRepairMode6385	CACHE_OR_READBACK_REVIEW	com/lifecyclebot/engine/LiveAccountingRepairMode6385.kt	False
LiveRestoreExecutionPolicy	UNCLASSIFIED_INTELLIGENCE_REVIEW	com/lifecyclebot/engine/LiveRestoreExecutionPolicy.kt	False
MarketDataIntegrity6492	UNCLASSIFIED_INTELLIGENCE_REVIEW	com/lifecyclebot/engine/MarketDataIntegrity6492.kt	False
MarketRegimeAI	REPRESENTED_BY_AGGREGATOR	com/lifecyclebot/engine/MarketRegimeAI.kt	False
MemeCrossTalkEntryBridge	UNCLASSIFIED_INTELLIGENCE_REVIEW	com/lifecyclebot/engine/MemeCrossTalkEntryBridge.kt	False
MetaCognitionExecutorBridge	REPRESENTED_BY_AGGREGATOR	com/lifecyclebot/engine/MetaCognitionExecutorBridge.kt	False
ModeLeniency	UNCLASSIFIED_INTELLIGENCE_REVIEW	com/lifecyclebot/engine/ModeLeniency.kt	False
ModeSpecificScanners	CACHE_OR_READBACK_REVIEW	com/lifecyclebot/engine/ModeSpecificScanners.kt	False
MomentumPredictorAI	REPRESENTED_BY_AGGREGATOR	com/lifecyclebot/engine/MomentumPredictorAI.kt	False
MultiAgentCriticStack	UNCLASSIFIED_INTELLIGENCE_REVIEW	com/lifecyclebot/engine/MultiAgentCriticStack.kt	False
does	REPRESENTED_BY_AGGREGATOR	com/lifecyclebot/engine/MultiChainWalletGenerator6546.kt	False
MultiChainWalletVault6546	UNCLASSIFIED_INTELLIGENCE_REVIEW	com/lifecyclebot/engine/MultiChainWalletVault6546.kt	False
NarrativeDetectorAI	REPRESENTED_BY_AGGREGATOR	com/lifecyclebot/engine/NarrativeDetectorAI.kt	False
OperatorAuditRemainingEstimateDigest	REPORT_INFRASTRUCTURE	com/lifecyclebot/engine/OperatorAuditRemainingEstimateDigest.kt	False
OperatorFullLearningSystemAuditDigest	REPORT_INFRASTRUCTURE	com/lifecyclebot/engine/OperatorFullLearningSystemAuditDigest.kt	False
OperatorLearningControlDigest	REPORT_INFRASTRUCTURE	com/lifecyclebot/engine/OperatorLearningControlDigest.kt	False
intentionally	REPRESENTED_BY_AGGREGATOR	com/lifecyclebot/engine/OperatorLongTailMechanismDigest.kt	False
OperatorLongTailMechanismDigest10	REPORT_INFRASTRUCTURE	com/lifecyclebot/engine/OperatorLongTailMechanismDigest10.kt	False
OperatorLongTailMechanismDigest11	REPORT_INFRASTRUCTURE	com/lifecyclebot/engine/OperatorLongTailMechanismDigest11.kt	False
OperatorLongTailMechanismDigest12	REPORT_INFRASTRUCTURE	com/lifecyclebot/engine/OperatorLongTailMechanismDigest12.kt	False
OperatorLongTailMechanismDigest13	REPORT_INFRASTRUCTURE	com/lifecyclebot/engine/OperatorLongTailMechanismDigest13.kt	False
OperatorLongTailMechanismDigest2	REPORT_INFRASTRUCTURE	com/lifecyclebot/engine/OperatorLongTailMechanismDigest2.kt	False
OperatorLongTailMechanismDigest3	REPORT_INFRASTRUCTURE	com/lifecyclebot/engine/OperatorLongTailMechanismDigest3.kt	False
OperatorLongTailMechanismDigest4	REPORT_INFRASTRUCTURE	com/lifecyclebot/engine/OperatorLongTailMechanismDigest4.kt	False
OperatorLongTailMechanismDigest5	REPORT_INFRASTRUCTURE	com/lifecyclebot/engine/OperatorLongTailMechanismDigest5.kt	False
OperatorLongTailMechanismDigest6	REPORT_INFRASTRUCTURE	com/lifecyclebot/engine/OperatorLongTailMechanismDigest6.kt	False
OperatorLongTailMechanismDigest7	REPORT_INFRASTRUCTURE	com/lifecyclebot/engine/OperatorLongTailMechanismDigest7.kt	False
OperatorLongTailMechanismDigest8	REPORT_INFRASTRUCTURE	com/lifecyclebot/engine/OperatorLongTailMechanismDigest8.kt	False
OperatorLongTailMechanismDigest9	REPORT_INFRASTRUCTURE	com/lifecyclebot/engine/OperatorLongTailMechanismDigest9.kt	False
OperatorMidTailMarkerDigest	REPORT_INFRASTRUCTURE	com/lifecyclebot/engine/OperatorMidTailMarkerDigest.kt	False
OperatorRemainderStatusDigest	REPORT_INFRASTRUCTURE	com/lifecyclebot/engine/OperatorRemainderStatusDigest.kt	False
OperatorScannerEducationOverlayContractDigest	REPORT_INFRASTRUCTURE	com/lifecyclebot/engine/OperatorScannerEducationOverlayContractDigest.kt	False
OperatorSmallTailMarkerDigest	REPORT_INFRASTRUCTURE	com/lifecyclebot/engine/OperatorSmallTailMarkerDigest.kt	False
OperatorWalletPipelineGuardrailContractDigest	REPORT_INFRASTRUCTURE	com/lifecyclebot/engine/OperatorWalletPipelineGuardrailContractDigest.kt	False
PaperLearningSanity	CACHE_OR_READBACK_REVIEW	com/lifecyclebot/engine/PaperLearningSanity.kt	False
PaperLiveIntelligenceBridge	UNCLASSIFIED_INTELLIGENCE_REVIEW	com/lifecyclebot/engine/PaperLiveIntelligenceBridge.kt	False
PatchWriterAI	UNCLASSIFIED_INTELLIGENCE_REVIEW	com/lifecyclebot/engine/PatchWriterAI.kt	False
PersistentLearning	UNCLASSIFIED_INTELLIGENCE_REVIEW	com/lifecyclebot/engine/PersistentLearning.kt	False
PersonalityTraitMultipliers	CACHE_OR_READBACK_REVIEW	com/lifecyclebot/engine/PersonalityTraitMultipliers.kt	False
ProcessorAmountPlanner	UNCLASSIFIED_INTELLIGENCE_REVIEW	com/lifecyclebot/engine/ProcessorAmountPlanner.kt	False
RentReclaimer7927	CACHE_OR_READBACK_REVIEW	com/lifecyclebot/engine/RentReclaimer7927.kt	False
RugCheckPolicy	SAFETY_SOVEREIGN_REVIEW	com/lifecyclebot/engine/RugCheckPolicy.kt	False
RuntimeRepairState	UNCLASSIFIED_INTELLIGENCE_REVIEW	com/lifecyclebot/engine/RuntimeRepairState.kt	False
ScannerDiversityBandit	SOURCE_SELECTION_UPSTREAM	com/lifecyclebot/engine/ScannerDiversityBandit.kt	False
ScannerFanoutDedupe6374	CACHE_OR_READBACK_REVIEW	com/lifecyclebot/engine/ScannerFanoutDedupe6374.kt	False
ScannerHardRejectStore	CACHE_OR_READBACK_REVIEW	com/lifecyclebot/engine/ScannerHardRejectStore.kt	False
ScannerHydrationQueues6347	CACHE_OR_READBACK_REVIEW	com/lifecyclebot/engine/ScannerHydrationQueues6347.kt	False
ScannerLaneBridge	UNCLASSIFIED_INTELLIGENCE_REVIEW	com/lifecyclebot/engine/ScannerLaneBridge.kt	False
ScannerSourceBrain	REPRESENTED_BY_AGGREGATOR	com/lifecyclebot/engine/ScannerSourceBrain.kt	False
ScannerSourceCircuitBreaker6363	CACHE_OR_READBACK_REVIEW	com/lifecyclebot/engine/ScannerSourceCircuitBreaker6363.kt	False
SentienceHooks	BACKGROUND_RESEARCH_REVIEW	com/lifecyclebot/engine/SentienceHooks.kt	False
SentienceOrchestrator	REPRESENTED_BY_AGGREGATOR	com/lifecyclebot/engine/SentienceOrchestrator.kt	False
ShadowLearningEngine	UNCLASSIFIED_INTELLIGENCE_REVIEW	com/lifecyclebot/engine/ShadowLearningEngine.kt	False
SmartChartScanner	UNCLASSIFIED_INTELLIGENCE_REVIEW	com/lifecyclebot/engine/SmartChartScanner.kt	False
ScannerLearning	PROVIDER_BACKED_REVIEW	com/lifecyclebot/engine/SolanaMarketScanner.kt	False
SpecialistBrainBridge7542	SUPER_UPSTREAM_ROOT	com/lifecyclebot/engine/SpecialistBrainBridge7542.kt	False
SsiCouncilClosedLoopSentinel	REPORT_INFRASTRUCTURE	com/lifecyclebot/engine/SsiCouncilClosedLoopSentinel.kt	False
SsiPilotCouncil	BACKGROUND_RESEARCH_REVIEW	com/lifecyclebot/engine/SsiPilotCouncil.kt	False
StateDebuggerAI	CACHE_OR_READBACK_REVIEW	com/lifecyclebot/engine/StateDebuggerAI.kt	False
with	REPRESENTED_BY_AGGREGATOR	com/lifecyclebot/engine/SuperBrainEnhancements.kt	False
SuperCausalPolicyEvaluator7647	CACHE_OR_READBACK_REVIEW	com/lifecyclebot/engine/SuperCausalPolicyEvaluator7647.kt	False
SuperExpertCoalition7661	REPRESENTED_BY_AGGREGATOR	com/lifecyclebot/engine/SuperExpertCoalition7661.kt	False
SuperExpertTrust7660	REPRESENTED_BY_AGGREGATOR	com/lifecyclebot/engine/SuperExpertTrust7660.kt	False
SuperGoalConditionedPlanner7649	UNCLASSIFIED_INTELLIGENCE_REVIEW	com/lifecyclebot/engine/SuperGoalConditionedPlanner7649.kt	False
SuperIntelligenceCalibration7636	REPRESENTED_BY_AGGREGATOR	com/lifecyclebot/engine/SuperIntelligenceCalibration7636.kt	False
SuperIntelligenceEstate7654	DIRECT_SUPER_OR_CACHE	com/lifecyclebot/engine/SuperIntelligenceEstate7654.kt	False
SuperIntelligencePlanner7633	UNCLASSIFIED_INTELLIGENCE_REVIEW	com/lifecyclebot/engine/SuperIntelligencePlanner7633.kt	False
SuperLatentTransitionModel7648	CACHE_OR_READBACK_REVIEW	com/lifecyclebot/engine/SuperLatentTransitionModel7648.kt	False
SuperPolicyBandit7644	CACHE_OR_READBACK_REVIEW	com/lifecyclebot/engine/SuperPolicyBandit7644.kt	False
SuperPolicyTree7638	REPRESENTED_BY_AGGREGATOR	com/lifecyclebot/engine/SuperPolicyTree7638.kt	False
SuperWorldModel7634	SUPER_UPSTREAM_ROOT	com/lifecyclebot/engine/SuperWorldModel7634.kt	False
SupervisorAdmissionPlanner	UNCLASSIFIED_INTELLIGENCE_REVIEW	com/lifecyclebot/engine/SupervisorAdmissionPlanner.kt	False
SymbolicExitReasoner	CACHE_OR_READBACK_REVIEW	com/lifecyclebot/engine/SymbolicExitReasoner.kt	False
TimeOptimizationAI	REPRESENTED_BY_AGGREGATOR	com/lifecyclebot/engine/TimeOptimizationAI.kt	False
TokenRefreshPolicy	CACHE_OR_READBACK_REVIEW	com/lifecyclebot/engine/TokenRefreshPolicy.kt	False
TrailingStopManager	UNCLASSIFIED_INTELLIGENCE_REVIEW	com/lifecyclebot/engine/TrailingStopManager.kt	False
TreasuryBrain	REPRESENTED_BY_AGGREGATOR	com/lifecyclebot/engine/TreasuryBrain.kt	False
TreasuryScannerFeed	CACHE_OR_READBACK_REVIEW	com/lifecyclebot/engine/TreasuryScannerFeed.kt	False
UnifiedExitPolicyHead	EXIT_LEARNED_UPSTREAM	com/lifecyclebot/engine/UnifiedExitPolicyHead.kt	False
UnifiedNarrativeAI	UNCLASSIFIED_INTELLIGENCE_REVIEW	com/lifecyclebot/engine/UnifiedNarrativeAI.kt	False
UnifiedPolicyHead	CACHE_OR_READBACK_REVIEW	com/lifecyclebot/engine/UnifiedPolicyHead.kt	False
WatchlistTtlPolicy	CACHE_OR_READBACK_REVIEW	com/lifecyclebot/engine/WatchlistTtlPolicy.kt	False
WhaleTrackerAI	PROVIDER_BACKED_REVIEW	com/lifecyclebot/engine/WhaleTrackerAI.kt	False
Side	UNCLASSIFIED_INTELLIGENCE_REVIEW	com/lifecyclebot/engine/execution/ExecutionModels.kt	False
StrategyTrainingGate	UNCLASSIFIED_INTELLIGENCE_REVIEW	com/lifecyclebot/engine/execution/StrategyTrainingGate.kt	False
LabAssetClass	BACKGROUND_RESEARCH_REVIEW	com/lifecyclebot/engine/lab/LlmLabModels.kt	False
LanePolicy	CACHE_OR_READBACK_REVIEW	com/lifecyclebot/engine/learning/LanePolicy.kt	False
BalanceProofWaitState	UNCLASSIFIED_INTELLIGENCE_REVIEW	com/lifecyclebot/engine/sell/BalanceProofWaitState.kt	False
SellFailureHistory	CACHE_OR_READBACK_REVIEW	com/lifecyclebot/engine/sell/SellFailureHistory.kt	False
SellSafetyPolicy	SAFETY_SOVEREIGN_REVIEW	com/lifecyclebot/engine/sell/SellSafetyPolicy.kt	False
AdaptiveFloorBrain6397	CACHE_OR_READBACK_REVIEW	com/lifecyclebot/engine/truth/AdaptiveFloorBrain6397.kt	False
CanonicalIdentityModel6464	CACHE_OR_READBACK_REVIEW	com/lifecyclebot/engine/truth/CanonicalIdentityModel6464.kt	False
is	REPRESENTED_BY_AGGREGATOR	com/lifecyclebot/engine/truth/CanonicalSentinelEntryRepair6677.kt	False
SpecialistCausalInvariants6627	CACHE_OR_READBACK_REVIEW	com/lifecyclebot/engine/truth/CausalAuthorityRepair6627.kt	False
Council7740	CACHE_OR_READBACK_REVIEW	com/lifecyclebot/engine/truth/Council7740.kt	False
TraderLane	UNCLASSIFIED_INTELLIGENCE_REVIEW	com/lifecyclebot/engine/truth/EntryAuthorityModels6398.kt	False
FinalizedLearningReconciler7423	CACHE_OR_READBACK_REVIEW	com/lifecyclebot/engine/truth/FinalizedLearningReconciler7423.kt	False
GlobalEntryPolicy6405	UNCLASSIFIED_INTELLIGENCE_REVIEW	com/lifecyclebot/engine/truth/GlobalEntryPolicy6405.kt	False
LaneCapitalFairness6732	CACHE_OR_READBACK_REVIEW	com/lifecyclebot/engine/truth/LaneCapitalFairness6732.kt	False
LearnedPolicyDegeneracyWatch7102	CACHE_OR_READBACK_REVIEW	com/lifecyclebot/engine/truth/LearnedPolicyDegeneracyWatch7102.kt	False
LearningAttributionBinder7809	UNCLASSIFIED_INTELLIGENCE_REVIEW	com/lifecyclebot/engine/truth/LearningAttributionBinder7809.kt	False
LearningQuarantine6450	CACHE_OR_READBACK_REVIEW	com/lifecyclebot/engine/truth/LearningQuarantine6450.kt	False
LearningQuarantineGate6470	CACHE_OR_READBACK_REVIEW	com/lifecyclebot/engine/truth/LearningQuarantineGate6470.kt	False
LearningResetSweep7781	CACHE_OR_READBACK_REVIEW	com/lifecyclebot/engine/truth/LearningResetSweep7781.kt	False
is	REPRESENTED_BY_AGGREGATOR	com/lifecyclebot/engine/truth/LiveRiskPolicy7807.kt	False
MaintenanceBudgetGovernor6469	CACHE_OR_READBACK_REVIEW	com/lifecyclebot/engine/truth/MaintenanceBudgetGovernor6469.kt	False
MaintenanceWorker6448	CACHE_OR_READBACK_REVIEW	com/lifecyclebot/engine/truth/MaintenanceWorker6448.kt	False
MarkIdentityRepairAuthority7236	CACHE_OR_READBACK_REVIEW	com/lifecyclebot/engine/truth/MarkIdentityRepairAuthority7236.kt	False
OnChainHolderConcentration7379	PROVIDER_BACKED_REVIEW	com/lifecyclebot/engine/truth/OnChainHolderConcentration7379.kt	False
OnChainMintAuthorityProof7248	PROVIDER_BACKED_REVIEW	com/lifecyclebot/engine/truth/OnChainMintAuthorityProof7248.kt	False
built	REPRESENTED_BY_AGGREGATOR	com/lifecyclebot/engine/truth/OnChainSupplyAuthority7075.kt	False
can	REPRESENTED_BY_AGGREGATOR	com/lifecyclebot/engine/truth/OracleEdgeProof7263.kt	False
OracleTradeHistory7287	CACHE_OR_READBACK_REVIEW	com/lifecyclebot/engine/truth/OracleTradeHistory7287.kt	False
PairHydrationState6398	UNCLASSIFIED_INTELLIGENCE_REVIEW	com/lifecyclebot/engine/truth/PairHydrationState6398.kt	False
PairPriceIdentity6395	CACHE_OR_READBACK_REVIEW	com/lifecyclebot/engine/truth/PairPriceIdentity6395.kt	False
PaperLearningEligibility6519	UNCLASSIFIED_INTELLIGENCE_REVIEW	com/lifecyclebot/engine/truth/PaperLearningEligibility6519.kt	False
PositionCostBasisRepair6412	CACHE_OR_READBACK_REVIEW	com/lifecyclebot/engine/truth/PositionCostBasisRepair6412.kt	False
PositionParityDomainAudit6471	CACHE_OR_READBACK_REVIEW	com/lifecyclebot/engine/truth/PositionParityDomainAudit6471.kt	False
PositionViewModelStore6395	UNCLASSIFIED_INTELLIGENCE_REVIEW	com/lifecyclebot/engine/truth/PositionViewModelStore6395.kt	False
PostLearningOffloader6450	CACHE_OR_READBACK_REVIEW	com/lifecyclebot/engine/truth/PostLearningOffloader6450.kt	False
PredictiveEntryOracle6915	SUPER_UPSTREAM_ROOT	com/lifecyclebot/engine/truth/PredictiveEntryOracle6915.kt	False
ProviderDomainCircuits6411	CACHE_OR_READBACK_REVIEW	com/lifecyclebot/engine/truth/ProviderDomainCircuits6411.kt	False
RiskExitPriorityDomain6461	CACHE_OR_READBACK_REVIEW	com/lifecyclebot/engine/truth/RiskExitPriorityDomain6461.kt	False
ScannerCanonicalDedupe6411	CACHE_OR_READBACK_REVIEW	com/lifecyclebot/engine/truth/ScannerCanonicalDedupe6411.kt	False
ScannerHeatPublisher6398	CACHE_OR_READBACK_REVIEW	com/lifecyclebot/engine/truth/ScannerHeatPublisher6398.kt	False
this	REPRESENTED_BY_AGGREGATOR	com/lifecyclebot/engine/truth/SellOnlyHoldRepair6391.kt	False
SentienceLabRewardBridge6444	BACKGROUND_RESEARCH_REVIEW	com/lifecyclebot/engine/truth/SentienceLabRewardBridge6444.kt	False
TailHunter7996	CACHE_OR_READBACK_REVIEW	com/lifecyclebot/engine/truth/TailHunter7996.kt	False
UnreadIntelligenceSurface7041	CACHE_OR_READBACK_REVIEW	com/lifecyclebot/engine/truth/UnreadIntelligenceSurface7041.kt	False
WorkerPoolDomainRegistry6411	REPORT_INFRASTRUCTURE	com/lifecyclebot/engine/truth/WorkerPoolDomainRegistry6411.kt	False
SwitchboardOracle	PROVIDER_BACKED_REVIEW	com/lifecyclebot/perps/AlternativeOracles.kt	False
CorrelationScanner	UNCLASSIFIED_INTELLIGENCE_REVIEW	com/lifecyclebot/perps/CorrelationScanner.kt	False
CryptoAltScannerAI	PROVIDER_BACKED_REVIEW	com/lifecyclebot/perps/CryptoAltScannerAI.kt	False
MarketsScanner	CACHE_OR_READBACK_REVIEW	com/lifecyclebot/perps/MarketsScanner.kt	False
PerpsAdvancedAI	UNCLASSIFIED_INTELLIGENCE_REVIEW	com/lifecyclebot/perps/PerpsAdvancedAI.kt	False
PerpsLearningBridge	UNCLASSIFIED_INTELLIGENCE_REVIEW	com/lifecyclebot/perps/PerpsLearningBridge.kt	False
PerpsLearningInsightsPanel	CACHE_OR_READBACK_REVIEW	com/lifecyclebot/perps/PerpsLearningInsightsPanel.kt	False
PerpsMarketScanners	UNCLASSIFIED_INTELLIGENCE_REVIEW	com/lifecyclebot/perps/PerpsMarketScanners.kt	False
PerpsDirection	UNCLASSIFIED_INTELLIGENCE_REVIEW	com/lifecyclebot/perps/PerpsModels.kt	False
PerpsTraderAI	UNCLASSIFIED_INTELLIGENCE_REVIEW	com/lifecyclebot/perps/PerpsTraderAI.kt	False
PerpsTrailingStop	UNCLASSIFIED_INTELLIGENCE_REVIEW	com/lifecyclebot/perps/PerpsTrailingStop.kt	False
PythOracle	PROVIDER_BACKED_REVIEW	com/lifecyclebot/perps/PythOracle.kt	False
CryptoExecFailureTracker	UNCLASSIFIED_INTELLIGENCE_REVIEW	com/lifecyclebot/perps/crypto/CryptoExecFailureTracker.kt	False
MultiChainMemeLane7962	PROVIDER_BACKED_REVIEW	com/lifecyclebot/perps/crypto/MultiChainMemeLane7962.kt	False
CryptoBrain	CRYPTO_NATIVE_UPSTREAM	com/lifecyclebot/perps/crypto/brain/CryptoBrain.kt	False
CryptoBrainState	UNCLASSIFIED_INTELLIGENCE_REVIEW	com/lifecyclebot/perps/crypto/brain/CryptoBrainState.kt	False
CryptoCanonicalLearning	CANONICAL_LEARNING_INFRASTRUCTURE	com/lifecyclebot/perps/crypto/brain/CryptoCanonicalLearning.kt	False
CryptoFluidLearning	CRYPTO_LEARNING_UPSTREAM	com/lifecyclebot/perps/crypto/brain/CryptoFluidLearning.kt	False
CryptoScannerLaneBridge	CRYPTO_SOURCE_SELECTION_UPSTREAM	com/lifecyclebot/perps/crypto/brain/CryptoScannerLaneBridge.kt	False
AnimatedBrainLogoView	UNCLASSIFIED_INTELLIGENCE_REVIEW	com/lifecyclebot/ui/AnimatedBrainLogoView.kt	False
UiState	CACHE_OR_READBACK_REVIEW	com/lifecyclebot/ui/BotViewModel.kt	False
BrainNetworkView	CACHE_OR_READBACK_REVIEW	com/lifecyclebot/ui/BrainNetworkView.kt	False
CollectiveBrainActivity	CACHE_OR_READBACK_REVIEW	com/lifecyclebot/ui/CollectiveBrainActivity.kt	False
LearningCounterActivity	CACHE_OR_READBACK_REVIEW	com/lifecyclebot/ui/LearningCounterActivity.kt	False
MainActivity	CACHE_OR_READBACK_REVIEW	com/lifecyclebot/ui/MainActivity.kt	False
ArbLearning	UNCLASSIFIED_INTELLIGENCE_REVIEW	com/lifecyclebot/v3/arb/ArbLearning.kt	False
ArbSnapshot	UNCLASSIFIED_INTELLIGENCE_REVIEW	com/lifecyclebot/v3/arb/ArbModels.kt	False
ArbScannerAI	DIRECT_SUPER_OR_CACHE	com/lifecyclebot/v3/arb/ArbScannerAI.kt	False
FlowImbalanceModel	UNCLASSIFIED_INTELLIGENCE_REVIEW	com/lifecyclebot/v3/arb/FlowImbalanceModel.kt	False
PanicReversionModel	UNCLASSIFIED_INTELLIGENCE_REVIEW	com/lifecyclebot/v3/arb/PanicReversionModel.kt	False
VenueLagModel	UNCLASSIFIED_INTELLIGENCE_REVIEW	com/lifecyclebot/v3/arb/VenueLagModel.kt	False
AIStartupCoordinator	UNCLASSIFIED_INTELLIGENCE_REVIEW	com/lifecyclebot/v3/core/AIStartupCoordinator.kt	False
LearningMetrics	UNCLASSIFIED_INTELLIGENCE_REVIEW	com/lifecyclebot/v3/learning/LearningStore.kt	False
ShadowLearningEngine	UNCLASSIFIED_INTELLIGENCE_REVIEW	com/lifecyclebot/v3/learning/ShadowLearningEngine.kt	False
AITrustNetworkAI	REPRESENTED_BY_AGGREGATOR	com/lifecyclebot/v3/scoring/AITrustNetworkAI.kt	False
BehaviorAI	REPRESENTED_BY_AGGREGATOR	com/lifecyclebot/v3/scoring/BehaviorAI.kt	False
BlueChipTraderAI	REPRESENTED_BY_AGGREGATOR	com/lifecyclebot/v3/scoring/BlueChipTraderAI.kt	False
CapitalEfficiencyAI	REPRESENTED_BY_AGGREGATOR	com/lifecyclebot/v3/scoring/CapitalEfficiencyAI.kt	False
CashGenerationAI	REPRESENTED_BY_AGGREGATOR	com/lifecyclebot/v3/scoring/CashGenerationAI.kt	False
CollectiveIntelligenceAI	REPRESENTED_BY_AGGREGATOR	com/lifecyclebot/v3/scoring/CollectiveIntelligenceAI.kt	False
CorrelationHedgeAI	LAYER_BRAIN_LEARNED_UPSTREAM	com/lifecyclebot/v3/scoring/CorrelationHedgeAI.kt	True
CultMomentumAI	UNCLASSIFIED_INTELLIGENCE_REVIEW	com/lifecyclebot/v3/scoring/CultMomentumAI.kt	False
DipHunterAI	REPRESENTED_BY_AGGREGATOR	com/lifecyclebot/v3/scoring/DipHunterAI.kt	False
DrawdownCircuitAI	LAYER_BRAIN_LEARNED_UPSTREAM	com/lifecyclebot/v3/scoring/DrawdownCircuitAI.kt	True
EducationSubLayerAI	REPRESENTED_BY_AGGREGATOR	com/lifecyclebot/v3/scoring/EducationSubLayerAI.kt	False
ExecutionCostPredictorAI	REPRESENTED_BY_AGGREGATOR	com/lifecyclebot/v3/scoring/ExecutionCostPredictorAI.kt	False
FearGreedAI	LAYER_BRAIN_LEARNED_UPSTREAM	com/lifecyclebot/v3/scoring/FearGreedAI.kt	True
FluidLearningAI	REPRESENTED_BY_AGGREGATOR	com/lifecyclebot/v3/scoring/FluidLearningAI.kt	False
FundingRateAwarenessAI	LAYER_BRAIN_LEARNED_UPSTREAM	com/lifecyclebot/v3/scoring/FundingRateAwarenessAI.kt	True
HoldTimeOptimizerAI	LAYER_BRAIN_LEARNED_UPSTREAM	com/lifecyclebot/v3/scoring/HoldTimeOptimizerAI.kt	True
InsiderTrackerAI	REPRESENTED_BY_AGGREGATOR	com/lifecyclebot/v3/scoring/InsiderTrackerAI.kt	False
LiquidityCycleAI	LAYER_BRAIN_LEARNED_UPSTREAM	com/lifecyclebot/v3/scoring/LiquidityCycleAI.kt	True
LiquidityExitPathAI	LAYER_BRAIN_LEARNED_UPSTREAM	com/lifecyclebot/v3/scoring/LiquidityExitPathAI.kt	True
MEVDetectionAI	LAYER_BRAIN_LEARNED_UPSTREAM	com/lifecyclebot/v3/scoring/MEVDetectionAI.kt	True
ManipulatedTraderAI	REPRESENTED_BY_AGGREGATOR	com/lifecyclebot/v3/scoring/ManipulatedTraderAI.kt	False
MemeEdgeAI	UNCLASSIFIED_INTELLIGENCE_REVIEW	com/lifecyclebot/v3/scoring/MemeEdgeAI.kt	False
MemeNarrativeAI	CACHE_OR_READBACK_REVIEW	com/lifecyclebot/v3/scoring/MemeNarrativeAI.kt	False
MetaCognitionAI	REPRESENTED_BY_AGGREGATOR	com/lifecyclebot/v3/scoring/MetaCognitionAI.kt	False
MoonshotTraderAI	REPRESENTED_BY_AGGREGATOR	com/lifecyclebot/v3/scoring/MoonshotTraderAI.kt	False
NewsShockAI	LAYER_BRAIN_LEARNED_UPSTREAM	com/lifecyclebot/v3/scoring/NewsShockAI.kt	True
OperatorFingerprintAI	REPRESENTED_BY_AGGREGATOR	com/lifecyclebot/v3/scoring/OperatorFingerprintAI.kt	False
OrderFlowImbalanceAI	LAYER_BRAIN_LEARNED_UPSTREAM	com/lifecyclebot/v3/scoring/OrderFlowImbalanceAI.kt	True
OrderbookImbalancePulseAI	LAYER_BRAIN_LEARNED_UPSTREAM	com/lifecyclebot/v3/scoring/OrderbookImbalancePulseAI.kt	True
PeerAlphaVerificationAI	REPRESENTED_BY_AGGREGATOR	com/lifecyclebot/v3/scoring/PeerAlphaVerificationAI.kt	False
ProjectSniperAI	REPRESENTED_BY_AGGREGATOR	com/lifecyclebot/v3/scoring/ProjectSniperAI.kt	False
QualityTraderAI	REPRESENTED_BY_AGGREGATOR	com/lifecyclebot/v3/scoring/QualityTraderAI.kt	False
ReflexAI	CACHE_OR_READBACK_REVIEW	com/lifecyclebot/v3/scoring/ReflexAI.kt	False
RegimeTransitionAI	CACHE_OR_READBACK_REVIEW	com/lifecyclebot/v3/scoring/RegimeTransitionAI.kt	False
SellOptimizationAI	UNCLASSIFIED_INTELLIGENCE_REVIEW	com/lifecyclebot/v3/scoring/SellOptimizationAI.kt	False
SessionEdgeAI	REPRESENTED_BY_AGGREGATOR	com/lifecyclebot/v3/scoring/SessionEdgeAI.kt	False
ShitCoinTraderAI	REPRESENTED_BY_AGGREGATOR	com/lifecyclebot/v3/scoring/ShitCoinTraderAI.kt	False
SmartMoneyDivergenceAI	LAYER_BRAIN_LEARNED_UPSTREAM	com/lifecyclebot/v3/scoring/SmartMoneyDivergenceAI.kt	True
SocialVelocityAI	LAYER_BRAIN_LEARNED_UPSTREAM	com/lifecyclebot/v3/scoring/SocialVelocityAI.kt	True
SolanaArbAI	UNCLASSIFIED_INTELLIGENCE_REVIEW	com/lifecyclebot/v3/scoring/SolanaArbAI.kt	False
StablecoinFlowAI	LAYER_BRAIN_LEARNED_UPSTREAM	com/lifecyclebot/v3/scoring/StablecoinFlowAI.kt	True
TokenDNAClusteringAI	REPRESENTED_BY_AGGREGATOR	com/lifecyclebot/v3/scoring/TokenDNAClusteringAI.kt	False
UltraFastRugDetectorAI	SAFETY_SOVEREIGN_REVIEW	com/lifecyclebot/v3/scoring/UltraFastRugDetectorAI.kt	False
VolatilityRegimeAI	LAYER_BRAIN_LEARNED_UPSTREAM	com/lifecyclebot/v3/scoring/VolatilityRegimeAI.kt	True
CrossAssetLeadLagAI	CACHE_OR_READBACK_REVIEW	com/lifecyclebot/v4/meta/CrossAssetLeadLagAI.kt	False
CrossMarketRegimeAI	CACHE_OR_READBACK_REVIEW	com/lifecyclebot/v4/meta/CrossMarketRegimeAI.kt	False
CrossTalkFusionEngine	REPRESENTED_BY_AGGREGATOR	com/lifecyclebot/v4/meta/CrossTalkFusionEngine.kt	False
ExecutionPathAI	EXECUTION_LEARNED_UPSTREAM	com/lifecyclebot/v4/meta/ExecutionPathAI.kt	False
LeverageSurvivalAI	UNCLASSIFIED_INTELLIGENCE_REVIEW	com/lifecyclebot/v4/meta/LeverageSurvivalAI.kt	False
LiquidityFragilityAI	EXIT_EVIDENCE_UPSTREAM	com/lifecyclebot/v4/meta/LiquidityFragilityAI.kt	False
GlobalRiskMode	UNCLASSIFIED_INTELLIGENCE_REVIEW	com/lifecyclebot/v4/meta/MetaModels.kt	False
NarrativeFlowAI	CRYPTO_NATIVE_UPSTREAM	com/lifecyclebot/v4/meta/NarrativeFlowAI.kt	False
PortfolioHeatAI	RISK_SHAPING_UPSTREAM	com/lifecyclebot/v4/meta/PortfolioHeatAI.kt	False
StrategyTrustAI	STRATEGY_LEARNED_UPSTREAM	com/lifecyclebot/v4/meta/StrategyTrustAI.kt	False
